{
  "users": [
    {
      "name": "nitin",
      "email": "de",
      "id": "de84"
    },
    {
      "id": "d46b"
    },
    {
      "id": "f269"
    },
    {
      "id": "45e9"
    },
    {
      "id": "bc1c"
    },
    {
      "id": "b61d"
    },
    {
      "id": "22dd"
    },
    {
      "id": "6593"
    },
    {
      "id": "beab"
    },
    {
      "id": "4004"
    },
    {
      "id": "952c"
    },
    {
      "id": "181e",
      "Username": "Naman kalak",
      "Email": "",
      "MobileNo": ""
    },
    {
      "id": "4c43",
      "Username": "Jaimn",
      "Email": "",
      "MobileNo": ""
    },
    {
      "id": "8116",
      "Username": "jay patel",
      "Email": "",
      "MobileNo": ""
    },
    {
      "id": "b4f1",
      "Username": "Dhwanil Prajapatu",
      "Email": "namankalal01@gmail.com",
      "MobileNo": "0983"
    }
  ],
  "product": []
}